{"result" : [
{"pv":16.5,"sp":17.5,"time":"12:38"},
{"pv":16.5,"sp":17.5,"time":"12:39"},
{"pv":16.5,"sp":17.5,"time":"12:40"},
{"pv":16.5,"sp":17.5,"time":"12:41"},
{"pv":16.5,"sp":17.5,"time":"12:42"},
{"pv":16.5,"sp":17.5,"time":"12:43"},
{"pv":16.5,"sp":17.5,"time":"12:44"},
{"pv":16.5,"sp":17.5,"time":"12:45"},
{"pv":16.5,"sp":17.5,"time":"12:46"},
{"pv":16.5,"sp":17.5,"time":"12:47"},
{"pv":16.5,"sp":17.5,"time":"12:48"},
{"pv":16.5,"sp":17.5,"time":"12:49"},
{"pv":16.5,"sp":17.5,"time":"12:50"},
{"pv":19.5,"sp":17.5,"time":"12:55"},
{"pv":16.5,"sp":17.5,"time":"13:00"},
{"pv":19.5,"sp":17.5,"time":"13:05"},
{"pv":20.5,"sp":17.5,"time":"13:10"},
{"pv":19.5,"sp":17.5,"time":"13:15"},
{"pv":20.5,"sp":17.5,"time":"13:20"},
{"pv":20.5,"sp":17.5,"time":"13:25"},
{"pv":16.5,"sp":17.5,"time":"13:30"},
{"pv":20.5,"sp":17.5,"time":"13:35"},
{"pv":19.5,"sp":17.5,"time":"13:40"},
{"pv":17.5,"sp":17.5,"time":"13:45"},
{"pv":20.5,"sp":17.5,"time":"13:50"},
{"pv":17.5,"sp":17.5,"time":"13:55"},
{"pv":19.5,"sp":17.5,"time":"14:00"},
{"pv":19.5,"sp":17.5,"time":"14:05"},
{"pv":19.5,"sp":17.5,"time":"14:10"},
{"pv":19.5,"sp":17.5,"time":"14:15"},
{"pv":17.5,"sp":17.5,"time":"14:20"},
{"pv":16.5,"sp":17.5,"time":"14:25"},
{"pv":20.5,"sp":17.5,"time":"14:30"},
{"pv":19.5,"sp":17.5,"time":"14:35"},
{"pv":16.5,"sp":17.5,"time":"14:40"},
{"pv":16.5,"sp":17.5,"time":"14:45"},
{"pv":19.5,"sp":17.5,"time":"14:50"},
{"pv":17.5,"sp":17.5,"time":"14:55"},
{"pv":19.5,"sp":17.5,"time":"15:00"},
{"pv":17.5,"sp":17.5,"time":"15:05"},
{"pv":20.5,"sp":17.5,"time":"15:10"},
{"pv":20.5,"sp":17.5,"time":"15:15"},
{"pv":16.5,"sp":17.5,"time":"15:20"},
{"pv":19.5,"sp":17.5,"time":"15:25"},
{"pv":19.5,"sp":17.5,"time":"15:30"},
{"pv":17.5,"sp":17.5,"time":"15:35"},
{"pv":16.5,"sp":17.5,"time":"15:40"},
{"pv":16.5,"sp":17.5,"time":"15:45"},
{"pv":19.5,"sp":17.5,"time":"15:50"},
{"pv":19.5,"sp":17.5,"time":"15:55"},
{"pv":20.5,"sp":17.5,"time":"16:00"}],"status":"OK","title":"Thermostat Data"}