{
    "Version": 1.66,
    "Theme": "Dark Theme",
    "Items": [
		{
            "title": "Email Send Parameter",
            "type": "Separator",
            "key": "",
            "required": false
        },
        {
            "title": "Username",
            "type": "Text",
            "key": "username",
            "required": true
        },
        {
            "title": "Password",
            "type": "Password",
            "key": "password",
            "required": true
        },
        {
            "title": "Email Server",
            "type": "Text",
            "key": "emailserver",
            "required": true
        },
        {
            "title": "Selections (Name (Idx) comma separated)",
            "type": "Separator",
            "key": "",
            "required": false
        },
        {
            "title": "Lights/Switches",
            "type": "Multiline Text",
            "key": "csvlightsswitches",
            "required": true
        },
        {
            "title": "Thermostats",
            "type": "Multiline Text",
            "key": "csvthermostats",
            "required": true
        }
    ]
}
