{
  "annotations": {
    "list": [
      {
        "builtIn": 1,
        "datasource": "-- Grafana --",
        "enable": true,
        "hide": true,
        "iconColor": "rgba(0, 211, 255, 1)",
        "name": "Annotations & Alerts",
        "type": "dashboard"
      }
    ]
  },
  "editable": true,
  "gnetId": null,
  "graphTooltip": 0,
  "id": 3,
  "links": [],
  "panels": [
    {
      "datasource": "InfluxDB",
      "fieldConfig": {
        "defaults": {
          "custom": {},
          "mappings": [],
          "max": 30,
          "min": 10,
          "thresholds": {
            "mode": "absolute",
            "steps": [
              {
                "color": "dark-blue",
                "value": null
              },
              {
                "color": "#6ED0E0",
                "value": 14
              },
              {
                "color": "dark-green",
                "value": 18
              },
              {
                "color": "#EAB839",
                "value": 23
              },
              {
                "color": "red",
                "value": 28
              }
            ]
          },
          "unit": "none"
        },
        "overrides": [
          {
            "matcher": {
              "id": "byName",
              "options": "Deviation"
            },
            "properties": [
              {
                "id": "min",
                "value": -5
              },
              {
                "id": "max",
                "value": 5
              },
              {
                "id": "decimals",
                "value": 0
              },
              {
                "id": "thresholds",
                "value": {
                  "mode": "absolute",
                  "steps": [
                    {
                      "color": "yellow",
                      "value": null
                    },
                    {
                      "color": "green",
                      "value": -1
                    },
                    {
                      "color": "green",
                      "value": 1
                    },
                    {
                      "color": "#EAB839",
                      "value": 1
                    },
                    {
                      "color": "yellow",
                      "value": 5
                    }
                  ]
                }
              }
            ]
          }
        ]
      },
      "gridPos": {
        "h": 8,
        "w": 12,
        "x": 0,
        "y": 0
      },
      "id": 4,
      "options": {
        "reduceOptions": {
          "calcs": [
            "last"
          ],
          "fields": "",
          "values": false
        },
        "showThresholdLabels": true,
        "showThresholdMarkers": true
      },
      "pluginVersion": "7.3.4",
      "targets": [
        {
          "alias": "Temperature",
          "groupBy": [
            {
              "params": [
                "$__interval"
              ],
              "type": "time"
            },
            {
              "params": [
                "previous"
              ],
              "type": "fill"
            }
          ],
          "measurement": "Temperature",
          "orderByTime": "ASC",
          "policy": "default",
          "queryType": "randomWalk",
          "refId": "A",
          "resultFormat": "time_series",
          "select": [
            [
              {
                "params": [
                  "value"
                ],
                "type": "field"
              },
              {
                "params": [],
                "type": "mean"
              }
            ]
          ],
          "tags": [
            {
              "key": "idx",
              "operator": "=",
              "value": "31"
            }
          ]
        },
        {
          "alias": "Setpoint",
          "groupBy": [
            {
              "params": [
                "$__interval"
              ],
              "type": "time"
            },
            {
              "params": [
                "previous"
              ],
              "type": "fill"
            }
          ],
          "measurement": "Temperature",
          "orderByTime": "ASC",
          "policy": "default",
          "refId": "B",
          "resultFormat": "time_series",
          "select": [
            [
              {
                "params": [
                  "value"
                ],
                "type": "field"
              },
              {
                "params": [],
                "type": "mean"
              }
            ]
          ],
          "tags": [
            {
              "key": "idx",
              "operator": "=",
              "value": "30"
            }
          ]
        }
      ],
      "timeFrom": null,
      "timeShift": null,
      "title": "Thermostat Dashboard",
      "transformations": [
        {
          "id": "calculateField",
          "options": {
            "alias": "Deviation",
            "binary": {
              "left": "Temperature",
              "operator": "-",
              "reducer": "sum",
              "right": "Setpoint"
            },
            "mode": "binary",
            "reduce": {
              "reducer": "sum"
            }
          }
        }
      ],
      "type": "gauge"
    },
    {
      "aliasColors": {
        "Deviation": "dark-red",
        "Percentage.mean": "dark-red",
        "Setpoint": "dark-blue",
        "Temperature": "rgb(29, 255, 0)",
        "Temperature - Setpoint": "dark-red"
      },
      "bars": false,
      "dashLength": 10,
      "dashes": false,
      "datasource": "InfluxDB",
      "fieldConfig": {
        "defaults": {
          "custom": {}
        },
        "overrides": []
      },
      "fill": 0,
      "fillGradient": 1,
      "gridPos": {
        "h": 9,
        "w": 12,
        "x": 0,
        "y": 8
      },
      "hiddenSeries": false,
      "id": 2,
      "legend": {
        "avg": false,
        "current": false,
        "max": false,
        "min": false,
        "show": true,
        "total": false,
        "values": false
      },
      "lines": true,
      "linewidth": 1,
      "nullPointMode": "connected",
      "options": {
        "alertThreshold": false
      },
      "percentage": false,
      "pluginVersion": "7.3.4",
      "pointradius": 2,
      "points": false,
      "renderer": "flot",
      "seriesOverrides": [
        {
          "alias": "Setpoint",
          "linewidth": 2,
          "yaxis": 1
        },
        {
          "alias": "Deviation",
          "dashes": true,
          "linewidth": 2,
          "spaceLength": 1,
          "yaxis": 2
        },
        {
          "alias": "Temperature",
          "linewidth": 3
        },
        {
          "alias": "Deviation",
          "yaxis": 2
        }
      ],
      "spaceLength": 10,
      "stack": false,
      "steppedLine": false,
      "targets": [
        {
          "alias": "Temperature",
          "groupBy": [
            {
              "params": [
                "$__interval"
              ],
              "type": "time"
            },
            {
              "params": [
                "previous"
              ],
              "type": "fill"
            }
          ],
          "measurement": "Temperature",
          "orderByTime": "ASC",
          "policy": "default",
          "refId": "A",
          "resultFormat": "time_series",
          "select": [
            [
              {
                "params": [
                  "value"
                ],
                "type": "field"
              },
              {
                "params": [],
                "type": "mean"
              }
            ]
          ],
          "tags": [
            {
              "key": "idx",
              "operator": "=",
              "value": "31"
            }
          ]
        },
        {
          "alias": "Setpoint",
          "groupBy": [
            {
              "params": [
                "$__interval"
              ],
              "type": "time"
            },
            {
              "params": [
                "previous"
              ],
              "type": "fill"
            }
          ],
          "measurement": "Temperature",
          "orderByTime": "ASC",
          "policy": "default",
          "query": "SELECT last(\"value\") FROM \"Temperature\" WHERE (\"idx\" = '30') AND $timeFilter GROUP BY time($__interval) fill(null)",
          "rawQuery": false,
          "refId": "B",
          "resultFormat": "time_series",
          "select": [
            [
              {
                "params": [
                  "value"
                ],
                "type": "field"
              },
              {
                "params": [],
                "type": "mean"
              }
            ]
          ],
          "tags": [
            {
              "key": "idx",
              "operator": "=",
              "value": "30"
            }
          ]
        }
      ],
      "thresholds": [],
      "timeFrom": null,
      "timeRegions": [],
      "timeShift": null,
      "title": "Thermostat Trend",
      "tooltip": {
        "shared": true,
        "sort": 0,
        "value_type": "individual"
      },
      "transformations": [
        {
          "id": "calculateField",
          "options": {
            "alias": "Deviation",
            "binary": {
              "left": "Temperature",
              "operator": "-",
              "reducer": "sum",
              "right": "Setpoint"
            },
            "mode": "binary",
            "reduce": {
              "reducer": "sum"
            }
          }
        }
      ],
      "type": "graph",
      "xaxis": {
        "buckets": null,
        "mode": "time",
        "name": null,
        "show": true,
        "values": []
      },
      "yaxes": [
        {
          "decimals": 0,
          "format": "short",
          "label": "",
          "logBase": 1,
          "max": "30",
          "min": "10",
          "show": true
        },
        {
          "format": "short",
          "label": null,
          "logBase": 1,
          "max": "5",
          "min": "-5",
          "show": true
        }
      ],
      "yaxis": {
        "align": false,
        "alignLevel": null
      }
    }
  ],
  "refresh": "1m",
  "schemaVersion": 26,
  "style": "dark",
  "tags": [],
  "templating": {
    "list": []
  },
  "time": {
    "from": "now-3h",
    "to": "now"
  },
  "timepicker": {
    "refresh_intervals": [
      "1m"
    ]
  },
  "timezone": "",
  "title": "MakeLab Dashboard",
  "uid": "aONuJTgRz",
  "version": 23
}