{
  "annotations": {
    "list": [
      {
        "builtIn": 1,
        "datasource": "-- Grafana --",
        "enable": true,
        "hide": true,
        "iconColor": "rgba(0, 211, 255, 1)",
        "name": "Annotations & Alerts",
        "type": "dashboard"
      }
    ]
  },
  "editable": true,
  "gnetId": null,
  "graphTooltip": 0,
  "id": 8,
  "links": [],
  "panels": [
    {
      "datasource": "InfluxDB",
      "fieldConfig": {
        "defaults": {
          "custom": {},
          "decimals": 1,
          "mappings": [],
          "max": 30,
          "min": 10,
          "thresholds": {
            "mode": "absolute",
            "steps": [
              {
                "color": "blue",
                "value": null
              },
              {
                "color": "dark-green",
                "value": 18
              },
              {
                "color": "#EAB839",
                "value": 23
              }
            ]
          },
          "unit": "none"
        },
        "overrides": [
          {
            "matcher": {
              "id": "byName",
              "options": "Dev"
            },
            "properties": [
              {
                "id": "min",
                "value": -5
              },
              {
                "id": "max",
                "value": 5
              },
              {
                "id": "thresholds",
                "value": {
                  "mode": "absolute",
                  "steps": [
                    {
                      "color": "yellow",
                      "value": null
                    },
                    {
                      "color": "dark-green",
                      "value": -1
                    },
                    {
                      "color": "yellow",
                      "value": 1
                    }
                  ]
                }
              }
            ]
          },
          {
            "matcher": {
              "id": "byName",
              "options": "SP"
            },
            "properties": [
              {
                "id": "min",
                "value": 10
              },
              {
                "id": "max",
                "value": 30
              }
            ]
          },
          {
            "matcher": {
              "id": "byName",
              "options": "PV"
            },
            "properties": [
              {
                "id": "min",
                "value": 10
              },
              {
                "id": "max",
                "value": 30
              }
            ]
          }
        ]
      },
      "gridPos": {
        "h": 9,
        "w": 12,
        "x": 0,
        "y": 0
      },
      "id": 2,
      "options": {
        "reduceOptions": {
          "calcs": [
            "mean"
          ],
          "fields": "",
          "values": false
        },
        "showThresholdLabels": true,
        "showThresholdMarkers": true
      },
      "pluginVersion": "7.3.4",
      "targets": [
        {
          "alias": "PV",
          "groupBy": [
            {
              "params": [
                "$__interval"
              ],
              "type": "time"
            },
            {
              "params": [
                "previous"
              ],
              "type": "fill"
            }
          ],
          "measurement": "Temperature",
          "orderByTime": "ASC",
          "policy": "default",
          "queryType": "randomWalk",
          "refId": "A",
          "resultFormat": "time_series",
          "select": [
            [
              {
                "params": [
                  "value"
                ],
                "type": "field"
              },
              {
                "params": [],
                "type": "last"
              }
            ]
          ],
          "tags": [
            {
              "key": "name",
              "operator": "=",
              "value": "MakeLab-Temperature"
            }
          ]
        },
        {
          "alias": "SP",
          "groupBy": [
            {
              "params": [
                "$__interval"
              ],
              "type": "time"
            },
            {
              "params": [
                "previous"
              ],
              "type": "fill"
            }
          ],
          "measurement": "Temperature",
          "orderByTime": "ASC",
          "policy": "default",
          "refId": "B",
          "resultFormat": "time_series",
          "select": [
            [
              {
                "params": [
                  "value"
                ],
                "type": "field"
              },
              {
                "params": [],
                "type": "last"
              }
            ]
          ],
          "tags": [
            {
              "key": "name",
              "operator": "=",
              "value": "MakeLab-Thermostat-Setpoint"
            }
          ]
        },
        {
          "alias": "Dev",
          "groupBy": [
            {
              "params": [
                "$__interval"
              ],
              "type": "time"
            },
            {
              "params": [
                "previous"
              ],
              "type": "fill"
            }
          ],
          "measurement": "Temperature",
          "orderByTime": "ASC",
          "policy": "default",
          "refId": "C",
          "resultFormat": "time_series",
          "select": [
            [
              {
                "params": [
                  "value"
                ],
                "type": "field"
              },
              {
                "params": [],
                "type": "last"
              }
            ]
          ],
          "tags": [
            {
              "key": "name",
              "operator": "=",
              "value": "MakeLab-Deviation"
            }
          ]
        }
      ],
      "timeFrom": null,
      "timeShift": null,
      "title": "MakeLab Thermostat Dashboard",
      "type": "gauge"
    }
  ],
  "schemaVersion": 26,
  "style": "dark",
  "tags": [],
  "templating": {
    "list": []
  },
  "time": {
    "from": "now-6h",
    "to": "now"
  },
  "timepicker": {},
  "timezone": "",
  "title": "MakeLab Thermostat Dashboard",
  "uid": "rt_fJfRgz",
  "version": 3
}