{"result" : [
{"pv":23.5,"sp":21.5,"time":"10:15"},
{"pv":23.5,"sp":21.5,"time":"10:20"},
{"pv":20.5,"sp":21.5,"time":"10:25"},
{"pv":21.5,"sp":21.5,"time":"10:30"},
{"pv":21.5,"sp":21.5,"time":"10:35"},
{"pv":24.5,"sp":21.5,"time":"10:40"},
{"pv":20.5,"sp":21.5,"time":"10:45"},
{"pv":24.5,"sp":21.5,"time":"10:50"},
{"pv":21.5,"sp":21.5,"time":"10:55"},
{"pv":21.5,"sp":21.5,"time":"11:00"},
{"pv":21.5,"sp":21.5,"time":"11:05"},
{"pv":21.5,"sp":21.5,"time":"11:10"},
{"pv":20.5,"sp":21.5,"time":"11:15"},
{"pv":20.5,"sp":21.5,"time":"11:20"},
{"pv":24.5,"sp":21.5,"time":"11:25"},
{"pv":24.5,"sp":21.5,"time":"11:30"},
{"pv":20.5,"sp":21.5,"time":"11:35"},
{"pv":23.5,"sp":21.5,"time":"11:40"},
{"pv":24.5,"sp":21.5,"time":"11:45"},
{"pv":20.5,"sp":21.5,"time":"11:50"},
{"pv":20.5,"sp":21.5,"time":"11:55"},
{"pv":23.5,"sp":21.5,"time":"12:00"},
{"pv":23.5,"sp":21.5,"time":"12:05"},
{"pv":23.5,"sp":21.5,"time":"12:10"},
{"pv":21.5,"sp":21.5,"time":"12:15"},
{"pv":21.5,"sp":21.5,"time":"12:20"},
{"pv":24.5,"sp":21.5,"time":"12:25"},
{"pv":24.5,"sp":21.5,"time":"12:30"},
{"pv":24.5,"sp":21.5,"time":"12:35"},
{"pv":24.5,"sp":21.5,"time":"12:40"},
{"pv":20.5,"sp":21.5,"time":"12:45"},
{"pv":24.5,"sp":21.5,"time":"12:50"},
{"pv":24.5,"sp":21.5,"time":"12:55"},
{"pv":20.5,"sp":21.5,"time":"13:00"},
{"pv":20.5,"sp":21.5,"time":"13:05"},
{"pv":21.5,"sp":21.5,"time":"13:10"},
{"pv":23.5,"sp":21.5,"time":"13:15"},
{"pv":24.5,"sp":21.5,"time":"13:20"},
{"pv":21.5,"sp":21.5,"time":"13:25"},
{"pv":20.5,"sp":21.5,"time":"13:30"},
{"pv":24.5,"sp":21.5,"time":"13:35"},
{"pv":21.5,"sp":21.5,"time":"13:40"},
{"pv":23.5,"sp":21.5,"time":"13:45"},
{"pv":24.5,"sp":21.5,"time":"13:50"},
{"pv":20.5,"sp":21.5,"time":"13:55"},
{"pv":24.5,"sp":21.5,"time":"14:00"},
{"pv":24.5,"sp":21.5,"time":"14:05"},
{"pv":21.5,"sp":21.5,"time":"14:10"},
{"pv":23.5,"sp":21.5,"time":"14:15"},
{"pv":21.5,"sp":21.5,"time":"14:20"},
{"pv":21.5,"sp":21.5,"time":"14:25"},
{"pv":21.5,"sp":21.5,"time":"14:30"},
{"pv":20.5,"sp":21.5,"time":"14:35"},
{"pv":23.5,"sp":21.5,"time":"14:40"},
{"pv":24.5,"sp":21.5,"time":"14:45"},
{"pv":23.5,"sp":21.5,"time":"14:50"},
{"pv":23.5,"sp":21.5,"time":"14:55"},
{"pv":23.5,"sp":21.5,"time":"15:00"},
{"pv":20.5,"sp":21.5,"time":"15:05"},
{"pv":24.5,"sp":21.5,"time":"15:10"},
{"pv":21.5,"sp":21.5,"time":"15:15"},
{"pv":24.5,"sp":21.5,"time":"15:20"},
{"pv":24.5,"sp":21.5,"time":"15:25"},
{"pv":23.5,"sp":21.5,"time":"15:30"},
{"pv":21.5,"sp":21.5,"time":"15:35"},
{"pv":20.5,"sp":21.5,"time":"15:40"},
{"pv":24.5,"sp":21.5,"time":"15:45"},
{"pv":24.5,"sp":21.5,"time":"15:50"},
{"pv":20.5,"sp":21.5,"time":"15:55"},
{"pv":21.5,"sp":21.5,"time":"16:00"},
{"pv":24.5,"sp":21.5,"time":"16:05"},
{"pv":21.5,"sp":21.5,"time":"16:10"},
{"pv":20.5,"sp":21.5,"time":"16:15"},
{"pv":21.5,"sp":21.5,"time":"16:20"},
{"pv":21.5,"sp":21.5,"time":"16:25"},
{"pv":23.5,"sp":21.5,"time":"16:30"},
{"pv":21.5,"sp":21.5,"time":"16:35"},
{"pv":21.5,"sp":21.5,"time":"16:40"},
{"pv":23.5,"sp":21.5,"time":"16:45"},
{"pv":21.5,"sp":21.5,"time":"16:50"},
{"pv":21.5,"sp":21.5,"time":"16:55"},
{"pv":24.5,"sp":21.5,"time":"17:00"},
{"pv":21.5,"sp":21.5,"time":"17:05"},
{"pv":24.5,"sp":21.5,"time":"17:10"},
{"pv":21.5,"sp":21.5,"time":"17:15"},
{"pv":23.5,"sp":21.5,"time":"17:20"},
{"pv":24.5,"sp":21.5,"time":"17:25"},
{"pv":20.5,"sp":21.5,"time":"17:30"},
{"pv":20.5,"sp":21.5,"time":"17:35"},
{"pv":20.5,"sp":21.5,"time":"17:40"},
{"pv":21.5,"sp":21.5,"time":"17:45"},
{"pv":21.5,"sp":21.5,"time":"17:50"},
{"pv":20.5,"sp":21.5,"time":"17:55"},
{"pv":20.5,"sp":21.5,"time":"18:00"},
{"pv":24.5,"sp":21.5,"time":"18:05"},
{"pv":20.5,"sp":21.5,"time":"18:10"},
{"pv":21.5,"sp":21.5,"time":"18:15"},
{"pv":20.5,"sp":21.5,"time":"18:20"},
{"pv":20.5,"sp":21.5,"time":"18:25"},
{"pv":20.5,"sp":21.5,"time":"18:30"},
{"pv":24.5,"sp":21.5,"time":"18:35"},
{"pv":20.5,"sp":21.5,"time":"18:40"},
{"pv":20.5,"sp":21.5,"time":"18:45"},
{"pv":23.5,"sp":21.5,"time":"18:50"},
{"pv":21.5,"sp":21.5,"time":"18:55"},
{"pv":20.5,"sp":21.5,"time":"19:00"},
{"pv":24.5,"sp":21.5,"time":"19:05"},
{"pv":21.5,"sp":21.5,"time":"19:10"},
{"pv":20.5,"sp":21.5,"time":"19:15"},
{"pv":21.5,"sp":21.5,"time":"19:20"},
{"pv":23.5,"sp":21.5,"time":"19:25"},
{"pv":20.5,"sp":21.5,"time":"19:30"},
{"pv":20.5,"sp":21.5,"time":"19:35"},
{"pv":24.5,"sp":21.5,"time":"19:40"},
{"pv":21.5,"sp":21.5,"time":"19:45"},
{"pv":20.5,"sp":21.5,"time":"19:50"},
{"pv":24.5,"sp":21.5,"time":"19:55"},
{"pv":23.5,"sp":21.5,"time":"20:00"},
{"pv":23.5,"sp":21.5,"time":"20:05"},
{"pv":23.5,"sp":21.5,"time":"20:10"},
{"pv":20.5,"sp":21.5,"time":"20:15"},
{"pv":24.5,"sp":21.5,"time":"20:20"},
{"pv":20.5,"sp":21.5,"time":"20:25"},
{"pv":21.5,"sp":21.5,"time":"20:30"},
{"pv":20.5,"sp":21.5,"time":"20:35"},
{"pv":23.5,"sp":21.5,"time":"20:40"},
{"pv":24.5,"sp":21.5,"time":"20:45"},
{"pv":24.5,"sp":21.5,"time":"20:50"},
{"pv":24.5,"sp":21.5,"time":"20:55"},
{"pv":21.5,"sp":21.5,"time":"21:00"},
{"pv":21.5,"sp":21.5,"time":"21:05"},
{"pv":20.5,"sp":21.5,"time":"21:10"},
{"pv":23.5,"sp":21.5,"time":"21:15"},
{"pv":20.5,"sp":21.5,"time":"21:20"},
{"pv":23.5,"sp":21.5,"time":"21:25"},
{"pv":23.5,"sp":21.5,"time":"21:30"},
{"pv":24.5,"sp":21.5,"time":"21:35"},
{"pv":24.5,"sp":21.5,"time":"21:40"},
{"pv":23.5,"sp":21.5,"time":"21:45"},
{"pv":24.5,"sp":21.5,"time":"21:50"},
{"pv":24.5,"sp":21.5,"time":"21:55"},
{"pv":23.5,"sp":21.5,"time":"22:00"},
{"pv":20.5,"sp":21.5,"time":"22:05"},
{"pv":24.5,"sp":21.5,"time":"22:10"},
{"pv":24.5,"sp":21.5,"time":"22:15"},
{"pv":23.5,"sp":21.5,"time":"22:20"},
{"pv":23.5,"sp":21.5,"time":"22:25"},
{"pv":20.5,"sp":21.5,"time":"22:30"},
{"pv":23.5,"sp":21.5,"time":"22:35"},
{"pv":24.5,"sp":21.5,"time":"22:40"},
{"pv":20.5,"sp":21.5,"time":"22:45"},
{"pv":23.5,"sp":21.5,"time":"22:50"},
{"pv":20.5,"sp":21.5,"time":"22:55"},
{"pv":20.5,"sp":21.5,"time":"23:00"},
{"pv":23.5,"sp":21.5,"time":"23:05"},
{"pv":24.5,"sp":21.5,"time":"23:10"},
{"pv":21.5,"sp":21.5,"time":"23:15"},
{"pv":23.5,"sp":21.5,"time":"23:20"},
{"pv":23.5,"sp":21.5,"time":"23:25"},
{"pv":21.5,"sp":21.5,"time":"23:30"},
{"pv":20.5,"sp":21.5,"time":"23:35"},
{"pv":21.5,"sp":21.5,"time":"23:40"},
{"pv":24.5,"sp":21.5,"time":"23:45"},
{"pv":20.5,"sp":21.5,"time":"23:50"},
{"pv":24.5,"sp":21.5,"time":"23:55"},
{"pv":23.5,"sp":21.5,"time":"00:00"},
{"pv":24.5,"sp":21.5,"time":"00:05"},
{"pv":23.5,"sp":21.5,"time":"00:10"},
{"pv":21.5,"sp":21.5,"time":"00:15"},
{"pv":24.5,"sp":21.5,"time":"00:20"},
{"pv":21.5,"sp":21.5,"time":"00:25"},
{"pv":24.5,"sp":21.5,"time":"00:30"},
{"pv":21.5,"sp":21.5,"time":"00:35"},
{"pv":20.5,"sp":21.5,"time":"00:40"},
{"pv":23.5,"sp":21.5,"time":"00:45"},
{"pv":21.5,"sp":21.5,"time":"00:50"},
{"pv":23.5,"sp":21.5,"time":"00:55"},
{"pv":21.5,"sp":21.5,"time":"01:00"},
{"pv":21.5,"sp":21.5,"time":"01:05"},
{"pv":23.5,"sp":21.5,"time":"01:10"},
{"pv":24.5,"sp":21.5,"time":"01:15"},
{"pv":23.5,"sp":21.5,"time":"01:20"},
{"pv":23.5,"sp":21.5,"time":"01:25"},
{"pv":24.5,"sp":21.5,"time":"01:30"},
{"pv":20.5,"sp":21.5,"time":"01:35"},
{"pv":23.5,"sp":21.5,"time":"01:40"},
{"pv":24.5,"sp":21.5,"time":"01:45"},
{"pv":21.5,"sp":21.5,"time":"01:50"},
{"pv":23.5,"sp":21.5,"time":"01:55"},
{"pv":23.5,"sp":21.5,"time":"02:00"},
{"pv":20.5,"sp":21.5,"time":"02:05"},
{"pv":23.5,"sp":21.5,"time":"02:10"},
{"pv":21.5,"sp":21.5,"time":"02:15"},
{"pv":20.5,"sp":21.5,"time":"02:20"},
{"pv":20.5,"sp":21.5,"time":"02:25"},
{"pv":24.5,"sp":21.5,"time":"02:30"},
{"pv":20.5,"sp":21.5,"time":"02:35"},
{"pv":23.5,"sp":21.5,"time":"02:40"},
{"pv":20.5,"sp":21.5,"time":"02:45"},
{"pv":23.5,"sp":21.5,"time":"02:50"},
{"pv":23.5,"sp":21.5,"time":"02:55"},
{"pv":21.5,"sp":21.5,"time":"03:00"},
{"pv":24.5,"sp":21.5,"time":"03:05"},
{"pv":21.5,"sp":21.5,"time":"03:10"},
{"pv":23.5,"sp":21.5,"time":"03:15"},
{"pv":23.5,"sp":21.5,"time":"03:20"},
{"pv":20.5,"sp":21.5,"time":"03:25"},
{"pv":23.5,"sp":21.5,"time":"03:30"},
{"pv":23.5,"sp":21.5,"time":"03:35"},
{"pv":20.5,"sp":21.5,"time":"03:40"},
{"pv":23.5,"sp":21.5,"time":"03:45"},
{"pv":24.5,"sp":21.5,"time":"03:50"},
{"pv":23.5,"sp":21.5,"time":"03:55"},
{"pv":23.5,"sp":21.5,"time":"04:00"},
{"pv":20.5,"sp":21.5,"time":"04:05"},
{"pv":20.5,"sp":21.5,"time":"04:10"},
{"pv":20.5,"sp":21.5,"time":"04:15"},
{"pv":24.5,"sp":21.5,"time":"04:20"},
{"pv":21.5,"sp":21.5,"time":"04:25"},
{"pv":20.5,"sp":21.5,"time":"04:30"},
{"pv":20.5,"sp":21.5,"time":"04:35"},
{"pv":24.5,"sp":21.5,"time":"04:40"},
{"pv":21.5,"sp":21.5,"time":"04:45"},
{"pv":23.5,"sp":21.5,"time":"04:50"},
{"pv":23.5,"sp":21.5,"time":"04:55"},
{"pv":24.5,"sp":21.5,"time":"05:00"},
{"pv":24.5,"sp":21.5,"time":"05:05"},
{"pv":24.5,"sp":21.5,"time":"05:10"},
{"pv":20.5,"sp":21.5,"time":"05:15"},
{"pv":20.5,"sp":21.5,"time":"05:20"},
{"pv":24.5,"sp":21.5,"time":"05:25"},
{"pv":24.5,"sp":21.5,"time":"05:30"},
{"pv":24.5,"sp":21.5,"time":"05:35"},
{"pv":21.5,"sp":21.5,"time":"05:40"},
{"pv":21.5,"sp":21.5,"time":"05:45"},
{"pv":24.5,"sp":21.5,"time":"05:50"},
{"pv":21.5,"sp":21.5,"time":"05:55"},
{"pv":21.5,"sp":21.5,"time":"06:00"},
{"pv":24.5,"sp":21.5,"time":"06:05"},
{"pv":21.5,"sp":21.5,"time":"06:10"},
{"pv":20.5,"sp":21.5,"time":"06:15"},
{"pv":20.5,"sp":21.5,"time":"06:20"},
{"pv":21.5,"sp":21.5,"time":"06:25"},
{"pv":20.5,"sp":21.5,"time":"06:30"},
{"pv":24.5,"sp":21.5,"time":"06:35"},
{"pv":20.5,"sp":21.5,"time":"06:40"},
{"pv":21.5,"sp":21.5,"time":"06:45"},
{"pv":20.5,"sp":21.5,"time":"06:50"},
{"pv":24.5,"sp":21.5,"time":"06:55"},
{"pv":23.5,"sp":21.5,"time":"07:00"},
{"pv":23.5,"sp":21.5,"time":"07:05"},
{"pv":24.5,"sp":21.5,"time":"07:10"},
{"pv":21.5,"sp":21.5,"time":"07:15"},
{"pv":23.5,"sp":21.5,"time":"07:20"},
{"pv":20.5,"sp":21.5,"time":"07:25"},
{"pv":21.5,"sp":21.5,"time":"07:30"},
{"pv":20.5,"sp":21.5,"time":"07:35"},
{"pv":24.5,"sp":21.5,"time":"07:40"},
{"pv":20.5,"sp":21.5,"time":"07:45"},
{"pv":24.5,"sp":21.5,"time":"07:50"},
{"pv":24.5,"sp":21.5,"time":"07:55"},
{"pv":24.5,"sp":21.5,"time":"08:00"},
{"pv":23.5,"sp":21.5,"time":"08:05"},
{"pv":21.5,"sp":21.5,"time":"08:10"},
{"pv":21.5,"sp":21.5,"time":"08:15"},
{"pv":24.5,"sp":21.5,"time":"08:20"},
{"pv":20.5,"sp":21.5,"time":"08:25"},
{"pv":23.5,"sp":21.5,"time":"08:30"},
{"pv":20.5,"sp":21.5,"time":"08:35"},
{"pv":20.5,"sp":21.5,"time":"08:40"},
{"pv":24.5,"sp":21.5,"time":"08:45"},
{"pv":24.5,"sp":21.5,"time":"08:50"},
{"pv":24.5,"sp":21.5,"time":"08:55"},
{"pv":20.5,"sp":21.5,"time":"09:00"},
{"pv":21.5,"sp":21.5,"time":"09:05"},
{"pv":23.5,"sp":21.5,"time":"09:10"},
{"pv":24.5,"sp":21.5,"time":"09:15"},
{"pv":23.5,"sp":21.5,"time":"09:20"},
{"pv":24.5,"sp":21.5,"time":"09:25"},
{"pv":24.5,"sp":21.5,"time":"09:30"},
{"pv":21.5,"sp":21.5,"time":"09:35"},
{"pv":21.5,"sp":21.5,"time":"09:40"},
{"pv":24.5,"sp":21.5,"time":"09:45"},
{"pv":20.5,"sp":21.5,"time":"09:50"},
{"pv":20.5,"sp":21.5,"time":"09:55"},
{"pv":21.5,"sp":21.5,"time":"10:00"},
{"pv":21.5,"sp":21.5,"time":"10:05"},
{"pv":20.5,"sp":21.5,"time":"10:10"}],"status":"OK","title":"Thermostat Data"}