{"result" : [
{"air_pressure_at_sea_level":1028.0,"air_temperature":4.1,"precipitation_amount":0.0,"probability_of_precipitation":0.0,"time":"29-11 12:00","wind_speed":1.4},
{"air_pressure_at_sea_level":1028.2,"air_temperature":1.5,"precipitation_amount":0.0,"probability_of_precipitation":0.0,"time":"29-11 18:00","wind_speed":1.4},
{"air_pressure_at_sea_level":1027.5,"air_temperature":0.7,"precipitation_amount":0.0,"probability_of_precipitation":0.0,"time":"30-11 00:00","wind_speed":1.2},
{"air_pressure_at_sea_level":1026.5,"air_temperature":-0.1,"precipitation_amount":0.0,"probability_of_precipitation":0.0,"time":"30-11 06:00","wind_speed":3.4},
{"air_pressure_at_sea_level":1023.1,"air_temperature":1.0,"precipitation_amount":0.6,"probability_of_precipitation":63.0,"time":"30-11 12:00","wind_speed":3.9},
{"air_pressure_at_sea_level":1016.9,"air_temperature":1.4,"precipitation_amount":3.6,"probability_of_precipitation":100.0,"time":"30-11 18:00","wind_speed":4.1},
{"air_pressure_at_sea_level":1011.3,"air_temperature":2.6,"precipitation_amount":1.3,"probability_of_precipitation":87.2,"time":"01-12 00:00","wind_speed":3.8},
{"air_pressure_at_sea_level":1009.9,"air_temperature":3.8,"precipitation_amount":0.9,"probability_of_precipitation":50.8,"time":"01-12 06:00","wind_speed":1.3},
{"air_pressure_at_sea_level":1014.3,"air_temperature":3.6,"precipitation_amount":0.0,"probability_of_precipitation":11.8,"time":"01-12 12:00","wind_speed":3.2},
{"air_pressure_at_sea_level":1018.9,"air_temperature":6.2,"precipitation_amount":0.0,"probability_of_precipitation":9.8,"time":"01-12 18:00","wind_speed":2.3},
{"air_pressure_at_sea_level":1022.2,"air_temperature":4.8,"precipitation_amount":0.0,"probability_of_precipitation":5.9,"time":"02-12 00:00","wind_speed":1.5},
{"air_pressure_at_sea_level":1023.3,"air_temperature":3.6,"precipitation_amount":0.0,"probability_of_precipitation":5.9,"time":"02-12 06:00","wind_speed":1.3},
{"air_pressure_at_sea_level":1022.2,"air_temperature":4.6,"precipitation_amount":0.0,"probability_of_precipitation":7.8,"time":"02-12 12:00","wind_speed":1.5},
{"air_pressure_at_sea_level":1019.8,"air_temperature":4.0,"precipitation_amount":0.0,"probability_of_precipitation":9.8,"time":"02-12 18:00","wind_speed":1.4},
{"air_pressure_at_sea_level":1017.1,"air_temperature":3.4,"precipitation_amount":0.0,"probability_of_precipitation":7.8,"time":"03-12 00:00","wind_speed":1.6},
{"air_pressure_at_sea_level":1012.7,"air_temperature":2.8,"precipitation_amount":0.0,"probability_of_precipitation":7.8,"time":"03-12 06:00","wind_speed":2.5},
{"air_pressure_at_sea_level":1008.6,"air_temperature":3.6,"precipitation_amount":0.0,"probability_of_precipitation":9.8,"time":"03-12 12:00","wind_speed":3.2},
{"air_pressure_at_sea_level":1005.5,"air_temperature":3.0,"precipitation_amount":0.0,"probability_of_precipitation":19.6,"time":"03-12 18:00","wind_speed":3.5},
{"air_pressure_at_sea_level":1003.1,"air_temperature":1.2,"precipitation_amount":0.0,"probability_of_precipitation":9.8,"time":"04-12 00:00","wind_speed":3.3},
{"air_pressure_at_sea_level":1002.0,"air_temperature":0.6,"precipitation_amount":0.0,"probability_of_precipitation":11.8,"time":"04-12 06:00","wind_speed":3.8},
{"air_pressure_at_sea_level":999.9,"air_temperature":1.9,"precipitation_amount":0.0,"probability_of_precipitation":13.7,"time":"04-12 12:00","wind_speed":3.5},
{"air_pressure_at_sea_level":999.0,"air_temperature":1.8,"precipitation_amount":0.0,"probability_of_precipitation":9.8,"time":"04-12 18:00","wind_speed":3.7},
{"air_pressure_at_sea_level":999.2,"air_temperature":1.2,"precipitation_amount":0.0,"probability_of_precipitation":7.8,"time":"05-12 00:00","wind_speed":2.7},
{"air_pressure_at_sea_level":1000.3,"air_temperature":1.2,"precipitation_amount":0.0,"probability_of_precipitation":9.8,"time":"05-12 06:00","wind_speed":2.8},
{"air_pressure_at_sea_level":1001.0,"air_temperature":3.6,"precipitation_amount":0.0,"probability_of_precipitation":9.8,"time":"05-12 12:00","wind_speed":3.1},
{"air_pressure_at_sea_level":1002.8,"air_temperature":3.0,"precipitation_amount":0.0,"probability_of_precipitation":9.8,"time":"05-12 18:00","wind_speed":2.4},
{"air_pressure_at_sea_level":1005.5,"air_temperature":2.3,"precipitation_amount":0.0,"probability_of_precipitation":11.8,"time":"06-12 00:00","wind_speed":2.3},
{"air_pressure_at_sea_level":1005.5,"air_temperature":2.2,"precipitation_amount":0.0,"probability_of_precipitation":15.7,"time":"06-12 06:00","wind_speed":2.7},
{"air_pressure_at_sea_level":1005.6,"air_temperature":4.1,"precipitation_amount":0.0,"probability_of_precipitation":15.7,"time":"06-12 12:00","wind_speed":3.2},
{"air_pressure_at_sea_level":1006.1,"air_temperature":4.3,"precipitation_amount":0.0,"probability_of_precipitation":19.6,"time":"06-12 18:00","wind_speed":3.2},
{"air_pressure_at_sea_level":1005.8,"air_temperature":4.2,"precipitation_amount":0.0,"probability_of_precipitation":19.6,"time":"07-12 00:00","wind_speed":2.8},
{"air_pressure_at_sea_level":1006.9,"air_temperature":3.7,"precipitation_amount":0.0,"probability_of_precipitation":15.7,"time":"07-12 06:00","wind_speed":2.6},
{"air_pressure_at_sea_level":1008.2,"air_temperature":4.9,"precipitation_amount":0.0,"probability_of_precipitation":15.7,"time":"07-12 12:00","wind_speed":3.5},
{"air_pressure_at_sea_level":1009.9,"air_temperature":5.4,"precipitation_amount":0.0,"probability_of_precipitation":19.6,"time":"07-12 18:00","wind_speed":3.4},
{"air_pressure_at_sea_level":1010.6,"air_temperature":4.5,"precipitation_amount":0.0,"probability_of_precipitation":11.8,"time":"08-12 00:00","wind_speed":1.9},
{"air_pressure_at_sea_level":1011.5,"air_temperature":3.4,"precipitation_amount":0,"probability_of_precipitation":0,"time":"08-12 06:00","wind_speed":2.7}],
"status":"OK","title":"Weather Forecast","location":"Hamburg (DE)","updated":"29-11 08:56"}